{"cameraMode":{"drawMode":0,"name":"Shaded","section":"Shading Mode"},"sceneLighting":false,"audioPlay":false,"sceneViewState":{"showFog":true,"showMaterialUpdate":false,"showSkybox":false,"showFlares":true,"showImageEffects":true,"showParticleSystems":true},"in2DMode":false,"pivot":{"x":-8.909419059753418,"y":-0.3350229263305664,"z":10.493566513061524},"rotation":{"x":0.022134626284241678,"y":-0.17898447811603547,"z":0.004027887247502804,"w":0.9835964441299439},"size":11.753673553466797,"orthographic":false}