{"cameraMode":{"drawMode":0,"name":"Shaded","section":"Shading Mode"},"sceneLighting":false,"audioPlay":false,"sceneViewState":{"showFog":true,"showMaterialUpdate":false,"showSkybox":false,"showFlares":true,"showImageEffects":true,"showParticleSystems":true},"in2DMode":false,"pivot":{"x":-1.1920928955078126e-7,"y":-0.6020885705947876,"z":0.0},"rotation":{"x":0.026996249333024026,"y":0.005997650325298309,"z":-0.00016196948126889765,"w":0.9996172785758972},"size":3.6780688762664797,"orthographic":true}