{"cameraMode":{"drawMode":0,"name":"Shaded","section":"Shading Mode"},"sceneLighting":false,"audioPlay":false,"sceneViewState":{"showFog":true,"showMaterialUpdate":false,"showSkybox":false,"showFlares":true,"showImageEffects":true,"showParticleSystems":true},"in2DMode":false,"pivot":{"x":-1.8749194145202637,"y":-0.26761871576309206,"z":0.29378950595855715},"rotation":{"x":-0.0014856674242764712,"y":-0.13756227493286134,"z":-0.00020635154214687645,"w":0.9904929399490356},"size":3.045773506164551,"orthographic":true}