{"cameraMode":{"drawMode":0,"name":"Shaded","section":"Shading Mode"},"sceneLighting":false,"audioPlay":false,"sceneViewState":{"showFog":true,"showMaterialUpdate":false,"showSkybox":false,"showFlares":true,"showImageEffects":true,"showParticleSystems":true},"in2DMode":false,"pivot":{"x":-3.5918917655944826,"y":-4.131181240081787,"z":0.907895565032959},"rotation":{"x":-0.06744462996721268,"y":-0.011672972701489926,"z":-0.0007891437271609902,"w":0.9976599812507629},"size":2.9294867515563967,"orthographic":true}