{"cameraMode":{"drawMode":0,"name":"Shaded","section":"Shading Mode"},"sceneLighting":false,"audioPlay":false,"sceneViewState":{"showFog":true,"showMaterialUpdate":false,"showSkybox":false,"showFlares":true,"showImageEffects":true,"showParticleSystems":true},"in2DMode":false,"pivot":{"x":-0.017878860235214235,"y":-0.5657594203948975,"z":-0.03836140036582947},"rotation":{"x":-0.04498271271586418,"y":-0.010489622130990029,"z":-0.0004716872936114669,"w":0.9989400506019592},"size":2.5507678985595705,"orthographic":true}