{"cameraMode":{"drawMode":0,"name":"Shaded","section":"Shading Mode"},"sceneLighting":false,"audioPlay":false,"sceneViewState":{"showFog":true,"showMaterialUpdate":false,"showSkybox":false,"showFlares":true,"showImageEffects":true,"showParticleSystems":true},"in2DMode":false,"pivot":{"x":14.29684066772461,"y":36.92158126831055,"z":-115.56979370117188},"rotation":{"x":0.012541958130896092,"y":0.5483858585357666,"z":-0.008226791396737099,"w":0.8361020684242249},"size":145.56182861328126,"orthographic":true}