{"cameraMode":{"drawMode":0,"name":"Shaded","section":"Shading Mode"},"sceneLighting":false,"audioPlay":false,"sceneViewState":{"showFog":true,"showMaterialUpdate":false,"showSkybox":false,"showFlares":true,"showImageEffects":true,"showParticleSystems":true},"in2DMode":false,"pivot":{"x":281.2872009277344,"y":197.6699981689453,"z":583.0},"rotation":{"x":0.038955800235271457,"y":0.0419560968875885,"z":-0.001636659842915833,"w":0.9983615875244141},"size":3.64738392829895,"orthographic":true}